{"cameraMode":{"drawMode":0,"name":"Shaded","section":"Shading Mode"},"sceneLighting":true,"audioPlay":false,"sceneViewState":{"showFog":true,"showMaterialUpdate":false,"showSkybox":true,"showFlares":true,"showImageEffects":true,"showParticleSystems":true},"in2DMode":false,"pivot":{"x":46.78369903564453,"y":5.468482971191406,"z":31.40643882751465},"rotation":{"x":0.6251221895217896,"y":-0.0058574313297867779,"z":0.004691099748015404,"w":0.7804908752441406},"size":87.02469635009766,"orthographic":false}